"","STANDARD.NAME","REGION","points","lw_avg","lw_median","lw_min","lw_max","lw_range","lw_se"
"1","Ham's Bay","West End",4,22.6125,22.63,22.3,22.89,0.59,0.150575285710062
"2","Issac Bay","East End",14,22.1014285714286,22.03,21.71,23.26,1.55,0.111226218067312
"3","Butler Bay","West End",13,21.4953846153846,22.02,17.38,23.08,5.7,0.511500576966132
"4","Brown Bay","East End",6,21.3866666666667,21.215,20.32,23.14,2.82,0.380645650324697
"5","Spratt Hall","West End",16,21.294,21.83,15.67,22.64,6.97,0.440947896716888
"6","Green Cay","East End",21,21.15,21.12,19.68,22.27,2.59,0.145201010097497
"7","Coakley","East End",13,20.5607692307692,20.1,17.86,22.63,4.77,0.394657367687241
"8","Prune","East End",15,20.52,20.95,15.15,22.23,7.08,0.411805548194545
"9","Grapetree Bay","South Shore",8,20.515,20.815,15.86,22.62,6.76,0.747314238743363
"10","Campo Rico","South Shore",24,19.9695833333333,20.03,18.37,21.7,3.33,0.156248454098633
