YEAR,MONTH,DAY,DATE,ISLAND,LOCATION,STANDARD NAME,LAT_DEGREES,LON_DEGREES,START TIME,END TIME,WEATHER,CLOUD COVER,MOON CONDITIONS,MOON ILLUMINATION,POINTS,RECORDERS,SQM (LW),SQM (S),SQM (SW),SQM (N),SQM ZENITH,AVERAGE SQM ,LUX 1,LUX 2,LUX 3,AVERAGE LUX,Notes
2026,5,15,5/15/2026,STX,SPNWR West Shore,Sandy Point,17.67467,-64.90089,21:10,2:30,Mostly Cloudy,60-80%,Crescent waning ,2.00%,1,Romina and Sabrina,18.97,20.93,20.86,19.9,,20.17,0,0,0,0.00,Redid zenith measurement on 6/16/26. This first marker is now in the water among the waves because the sand disappeared. Not a representation of an ALAN-free site. Skyglow pours in from town.
2026,5,15,5/15/2026,STX,SPNWR West Shore,Sandy Point,17.67511,-64.901,21:10,2:30,Mostly Cloudy,60-80%,Crescent waning ,2.00%,2,Romina and Sabrina,19.25,20.7,20.96,20.87,20.99,20.45,0,0,0,0.00,Redid zenith measurement on 6/16/26. Not a representation of an ALAN-free site. Skyglow pours in from town.
2026,5,15,5/15/2026,STX,SPNWR West Shore,Sandy Point,17.67554,-64.90115,21:10,2:30,Mostly Cloudy,60-80%,Crescent waning ,2.00%,3,Romina and Sabrina,19.41,21.02,21.14,20.73,20.95,20.58,0,0,0,0.00,Redid zenith measurement on 6/16/26. Not a representation of an ALAN-free site. Skyglow pours in from town.
2026,5,15,5/15/2026,STX,SPNWR West Shore,Sandy Point,17.67594,-64.90138,21:10,2:30,Mostly Cloudy,60-80%,Crescent waning ,2.00%,4,Romina and Sabrina,17.93,20.61,20.81,20.39,20.9,19.94,0,0,0,0.00,Redid zenith measurement on 6/16/26. Not a representation of an ALAN-free site. Skyglow pours in from town.
2026,5,15,5/15/2026,STX,SPNWR West Shore,Sandy Point,17.6763,-64.90166,21:10,2:30,Mostly Cloudy,60-80%,Crescent waning ,2.00%,5,Romina and Sabrina,18.11,20.22,20.85,20.63,20.92,19.95,0,0,0,0.00,You can see the coast guard tower. Redid zenith measurement on 6/16/26. Not a representation of an ALAN-free site. Skyglow pours in from town.
2026,5,15,5/15/2026,STX,SPNWR West Shore,Sandy Point,17.67662,-64.90199,21:10,2:30,Mostly Cloudy,60-80%,Crescent waning ,2.00%,6,Romina and Sabrina,17.71,20.52,20.85,20.52,20.88,19.90,0,0,0,0.00,Zenith measurement changed. RR realized she was measuring it the wrong way. Redid zenith measurement on 6/16/26. Not a representation of an ALAN-free site. Skyglow pours in from town.
2026,5,15,5/15/2026,STX,SPNWR West Shore,Sandy Point,17.6769,-64.90236,21:10,2:30,Mostly Cloudy,60-80%,Crescent waning ,2.00%,7,Romina and Sabrina,18.63,20.03,20.87,20.32,20.25,19.96,0,0,0,0.00,Not a representation of an ALAN-free site. Skyglow pours in from town.
2026,5,15,5/15/2026,STX,SPNWR West Shore,Sandy Point,17.67723,-64.90268,21:10,2:30,Mostly Cloudy,60-80%,Crescent waning ,2.00%,8,Romina and Sabrina,18.28,19.8,20.58,20.35,20.05,19.75,0,0,0,0.00,Not a representation of an ALAN-free site. Skyglow pours in from town.
2026,5,15,5/15/2026,STX,SPNWR West Shore,Sandy Point,17.67753,-64.90305,21:10,2:30,Mostly Cloudy,60-80%,Crescent waning ,2.00%,9,Romina and Sabrina,18.19,19.95,20.42,20.39,18.97,19.74,0,0,0,0.00,Not a representation of an ALAN-free site. Skyglow pours in from town.
2026,5,15,5/15/2026,STX,SPNWR West Shore,Sandy Point,17.67785,-64.90341,21:10,2:30,Mostly Cloudy,60-80%,Crescent waning ,2.00%,10,Romina and Sabrina,18.66,19.82,20.6,20.43,19.88,19.88,0,0,0,0.00,You can see the tower lights on Mt. Eagle through the top of the tree line. Not a representation of an ALAN-free site. Skyglow pours in from town.
2026,5,15,5/15/2026,STX,SPNWR West Shore,Sandy Point,17.67817,-64.90373,21:10,2:30,Mostly Cloudy,60-80%,Crescent waning ,2.00%,11,Romina and Sabrina,18.85,19.7,20.9,20.47,19.65,19.98,0,0,0,0.00,You can clearly see the cell tower over the tree line. Not a representation of an ALAN-free site. Skyglow pours in from town.
2026,5,15,5/15/2026,STX,SPNWR West Shore,Sandy Point,17.6785,-64.90405,21:10,2:30,Mostly Cloudy,60-80%,Crescent waning ,2.00%,12,Romina and Sabrina,19.26,20.63,20.7,20.19,20.71,20.20,0,0,0,0.00,You can clearly see the cell tower over the tree line. Not a representation of an ALAN-free site. Skyglow pours in from town.
2026,5,16,5/16/2026,STX,Fort Frederik Beach,First Target,17.71591,-64.88383,21:00,0:30,Mostly Clear,0-40%,New Moon,0.00%,1,Romina ,12.51,18.21,19.46,17.86,19.44,17.01,0.34,0.34,0.36,0.35,Mostly clear with light clouds for this night.
2026,5,16,5/16/2026,STX,Fort Frederik Beach,First Target,17.71636,-64.88378,21:00,0:30,Mostly Clear,0-40%,New Moon,0.00%,2,Romina ,16.09,15.79,19.71,16.68,19.7,17.07,0.24,0.25,0.26,0.25,2 meter up from berm because of sand wall.
2026,5,16,5/16/2026,STX,Fort Frederik Beach,First Target,17.71681,-64.88382,21:00,0:30,Mostly Clear,0-40%,New Moon,0.00%,3,Romina ,14.64,12.95,19.75,17.39,19.57,16.18,0.3,0.31,0.3,0.30,3.5 meters up because of sand wall.
2026,5,16,5/16/2026,STX,Fort Frederik Beach,First Target,17.71724,-64.88392,21:00,0:30,Mostly Clear,0-40%,New Moon,0.00%,4,Romina ,13.93,13.79,19.95,18.05,19.99,16.43,0,0,0,0.00,
2026,5,16,5/16/2026,STX,Fort Frederik Beach,First Target,17.71769,-64.88405,21:00,0:30,Mostly Clear,0-40%,New Moon,0.00%,5,Romina ,13.5,13.45,19.29,18.56,19.9,16.20,0.24,0.21,0.25,0.23,
2026,5,16,5/16/2026,STX,Fort Frederik Beach,First Target,17.7181,-64.88422,21:00,0:30,Mostly Clear,0-40%,New Moon,0.00%,6,Romina ,16.87,14.15,19.9,19.48,20.05,17.60,0.71,0.71,0.71,0.71,"Two streetlights, one really bright, close to road. "
2026,5,16,5/16/2026,STX,Fort Frederik Beach,First Target,17.71853,-64.88438,21:00,0:30,Mostly Clear,0-40%,New Moon,0.00%,7,Romina ,20.7,15.45,20.34,19.68,20.2,19.04,0.01,0.02,0.01,0.01,Clock tower lights present for SQM(S) measurement.
2026,5,16,5/16/2026,STX,Fort Frederik Beach,First Target,17.71899,-64.88445,21:00,0:30,Mostly Clear,0-40%,New Moon,0.00%,8,Romina ,19.82,16.7,20.47,19.74,20.26,19.18,0,0,0,0.00,Clock tower lights present for SQM(S) measurement.
2026,5,17,5/17/2026,STX,Prosperity Beachfront ,Prosperity ,17.72504,-64.88649,21:10,22:00,Mostly Clear,0-40%,Waxing Crescent,1.00%,1,Romina,17.57,18.65,19.69,19.69,20.64,18.90,0.01,0,0,0.00,A motion detector light is present in front of the beach home. Its turns on and off. 
2026,5,17,5/17/2026,STX,Prosperity Beachfront ,Prosperity ,17.72549,-64.88655,21:10,22:00,Mostly Clear,0-40%,Waxing Crescent,1.00%,2,Romina,19.34,18.79,20.72,17.32,20.63,19.04,0,0.01,0,0.00,
2026,5,17,5/17/2026,STX,Prosperity Beachfront ,Prosperity ,17.72592,-64.88671,21:10,22:00,Mostly Clear,0-40%,Waxing Crescent,1.00%,3,Romina,13.55,17.8,19.88,18.31,20.05,17.39,0.33,0.33,0.33,0.33,
2026,5,17,5/17/2026,STX,Sunset Beach Condos ,Prosperity ,17.7239,-64.88605,22:15,22:55,Mostly Clear,0-40%,Waxing Crescent,1.00%,1,Romina ,19.64,19.06,20.21,18.62,20.5,19.38,0,0,0,0.00,Concrete wall along the Sunset Beach Condos for LW measurements; View of Pier and Clocktower lights for SW measurements
2026,5,17,5/17/2026,STX,Sunset Beach Condos ,Prosperity ,17.72433,-64.88618,22:15,22:55,Mostly Clear,0-40%,Waxing Crescent,1.00%,2,Romina ,21.07,18.33,20.64,20.4,20.63,20.11,0,0,0,0.00,Concrete wall along the Sunset Beach Condos for LW measurements; View of Pier and Clocktower lights for SW measurements
2026,5,17,5/17/2026,STX,Sunset Beach Condos ,Prosperity ,17.72474,-64.88636,22:15,22:55,Mostly Clear,0-40%,Waxing Crescent,1.00%,3,Romina ,21.95,18.15,20.74,20.83,20.64,20.42,0,0,0,0.00,Higher concrete wall; View of Pier and Clocktower lights for SW measurements
2026,5,17,5/17/2026,STX,La Grange Beach,La Grange,17.72041,-64.885,23:00,0:20,Mostly Clear,0-40%,Waxing Crescent,1.00%,1,Romina ,22.26,19.53,20.38,21.47,20.53,20.91,0,0,0,0.00,HWM front of concrete wall and vegetation.
2026,5,17,5/17/2026,STX,La Grange Beach,La Grange,17.72183,-64.88525,23:00,0:20,Mostly Clear,0-40%,Waxing Crescent,1.00%,2,Romina ,19.38,18.34,20.57,20.49,20.45,19.70,0,0,0,0.00,HWM in water.
2026,5,17,5/17/2026,STX,La Grange Beach,La Grange,17.7214,-64.88515,23:00,0:20,Mostly Clear,0-40%,Waxing Crescent,1.00%,3,Romina ,,,,,,,0,0,0,0.00,"HWM, rocks. A car nearby turned on its headlights in the lot. Waited for it to turn off. It didnt. I gave up and moved to Loops Beach."
2026,5,17,5/17/2026,STX,Loops Beach,La Grange,17.71945,-64.88448,0:30,1:00,Mostly Clear,0-40%,Waxing Crescent,1.00%,1,Romina ,15.53,17.77,20.13,19.95,20.23,18.35,0,0,0,0.00,
2026,5,17,5/17/2026,STX,Loops Beach,La Grange,17.71991,-64.88455,0:30,1:00,Mostly Clear,0-40%,Waxing Crescent,1.00%,2,Romina ,21.05,17.15,20.58,20.75,20.42,19.88,0,0,0,0.00,
2026,5,18,5/18/2026,STX,Vincent M. Pool,Stony Ground,17.69072,-64.89368,21:01,23:54,Mostly Cloudy,60-80%,Waxing Crescent,4.90%,1,Romina and Sabrina,20.55,20.71,20.54,17.6,20.36,19.85,0,0,0,0.00,
2026,5,18,5/18/2026,STX,Vincent M. Pool,Stony Ground,17.69106,-64.89336,21:01,23:54,Mostly Cloudy,60-80%,Waxing Crescent,4.90%,2,Romina and Sabrina,19.94,19.81,19.85,17.36,17.96,19.24,0,0,0,0.00,Right in front of a large bush.
2026,5,18,5/18/2026,STX,Vincent M. Pool,Stony Ground,17.6914,-64.89302,21:01,23:54,Mostly Cloudy,60-80%,Waxing Crescent,4.90%,3,Romina and Sabrina,19.32,20.02,20.1,17.2,19.38,19.16,0,0,0,0.00,Partial under seagrape tree.
2026,5,18,5/18/2026,STX,Vincent M. Pool,Stony Ground,17.69172,-64.89271,21:01,23:54,Mostly Cloudy,60-80%,Waxing Crescent,4.90%,4,Romina and Sabrina,15.39,20.7,20.31,19.22,20.13,18.91,0.01,0.01,0.01,0.01,"Completely under seagrapes. In front of the pool lights,"
2026,5,18,5/18/2026,STX,Vincent M. Pool,Stony Ground,17.6921,-64.89241,21:01,23:54,Mostly Cloudy,60-80%,Waxing Crescent,4.90%,5,Romina and Sabrina,18.34,20.58,20.39,20.25,19.37,19.89,0,0,0,0.00,"Veg to (LW), (N) and (S) / edge of pool."
2026,5,18,5/18/2026,STX,Vincent M. Pool,Stony Ground,17.69244,-64.8921,21:01,23:54,Mostly Cloudy,60-80%,Waxing Crescent,4.90%,6,Romina and Sabrina,19.4,19.62,19.97,16.75,18,18.94,0,0,0,0.00,In front of the vegetation line.
2026,5,18,5/18/2026,STX,Vincent M. Pool,Stony Ground,17.69278,-64.89179,21:01,23:54,Mostly Cloudy,60-80%,Waxing Crescent,4.90%,7,Romina and Sabrina,19.4,19.44,19.85,16.82,18.25,18.88,0.01,0,0,0.00,Clear view of white street light (N).
2026,5,18,5/18/2026,STX,Vincent M. Pool,Stony Ground,17.69318,-64.89154,21:01,23:54,Mostly Cloudy,60-80%,Waxing Crescent,4.90%,8,Romina and Sabrina,21.1,19.49,19.85,16.29,18.92,19.18,0,0,0,0.00,Vegetation (LW).
2026,5,18,5/18/2026,STX,Vincent M. Pool,Stony Ground,17.69355,-64.89127,21:01,23:54,Mostly Cloudy,60-80%,Waxing Crescent,4.90%,9,Romina and Sabrina,19.66,19.73,20.54,15.79,19.18,18.93,0,0,0,0.00,No vegetation at all.
2026,5,18,5/18/2026,STX,Vincent M. Pool,Stony Ground,17.69402,-64.89126,21:01,23:54,Mostly Cloudy,60-80%,Waxing Crescent,4.90%,10,Romina and Sabrina,21.24,19.88,20.48,19.51,18.9,20.28,0,0,0,0.00,"Vegetation (LW), large rocks (SW), out of view of streetlight."
2026,5,18,5/18/2026,STX,Harbour Condos,Hesselberg,17.69445,-64.8911,23:54,2:00,Mostly Cloudy,60-80%,Waxing Crescent,4.90%,1,Romina and Sabrina,22.1,20.35,20.39,18.72,18.87,20.39,0,0,0,0.00,"SQM (LW) front of large maho tree. Very narrow beach and lots of rocks, rocky shoreline."
2026,5,18,5/18/2026,STX,Harbour Condos,Hesselberg,17.69484,-64.89089,23:54,2:00,Mostly Cloudy,60-80%,Waxing Crescent,4.90%,2,Romina and Sabrina,18.58,24.25,20.59,18.06,19.92,20.37,0,0,0,0.00,You can see the glow from the streetlight SQM (LW). SQM (N) has a clear view of condos.
2026,5,18,5/18/2026,STX,Harbour Condos,Hesselberg,17.69523,-64.89061,23:54,2:00,Mostly Cloudy,60-80%,Waxing Crescent,4.90%,3,Romina and Sabrina,20.18,20.24,20.85,18.08,19.59,19.84,0,0,0,0.00,All the lights from Frederiksted are visible on the North measurements.
2026,5,18,5/18/2026,STX,Harbour Condos,Hesselberg,17.69557,-64.8903,23:54,2:00,Mostly Cloudy,60-80%,Waxing Crescent,4.90%,4,Romina and Sabrina,19.61,20.15,20.5,17.43,19.42,19.42,0,0,0,0.00,All the lights from Frederiksted are visible on the North measurements.
2026,5,18,5/18/2026,STX,Harbour Condos,Hesselberg,17.69593,-64.89,23:54,2:00,Mostly Cloudy,60-80%,Waxing Crescent,4.90%,5,Romina and Sabrina,20.45,20.47,20.4,17.59,20.24,19.73,0,0,0,0.00,Plane passing by.
2026,5,18,5/18/2026,STX,Harbour Condos,Hesselberg,17.69627,-64.88969,23:54,2:00,Mostly Cloudy,60-80%,Waxing Crescent,4.90%,6,Romina and Sabrina,19.43,16.28,20.32,17.41,20.33,18.36,0,0,0,0.00,We are at the edge of Artmans camp. LW has blinking decor lights. Difference of 0.20.
2026,5,18,5/18/2026,STX,Harbour Condos,Hesselberg,17.69662,-64.8894,23:54,2:00,Mostly Cloudy,60-80%,Waxing Crescent,4.90%,7,Romina and Sabrina,19.03,19.82,20.35,17.15,20.12,19.09,0,0,0,0.00,LW has a gap in vegetation and a red streetlight is visible.
2026,5,18,5/18/2026,STX,Harbour Condos,Hesselberg,17.69698,-64.88912,23:54,2:00,Mostly Cloudy,60-80%,Waxing Crescent,4.90%,8,Romina and Sabrina,18.3,20.03,20.36,16.81,20.27,18.88,0.01,0.03,0.01,0.02,LW measurement faces the RV. The owner has a motion detector light. RV lights were turned on for zenith measurements. We took measurements when it turned off and when it was turned on.
2026,5,18,5/18/2026,STX,Harbour Condos,Hesselberg,17.69735,-64.88885,23:54,2:00,Mostly Cloudy,60-80%,Waxing Crescent,4.90%,9,Romina and Sabrina,18.59,19.64,20.27,17.66,20.14,19.04,0,0,0,0.00,
2026,5,18,5/18/2026,STX,Harbour Condos,Hesselberg,17.69771,-64.88854,23:54,2:00,Mostly Cloudy,60-80%,Waxing Crescent,4.90%,10,Romina and Sabrina,19.38,19.56,20.05,15.38,18.43,18.59,0,0,0,0.00,North measurement has a reflection of flood lights from the Harbor Beach Condos.
2026,5,18,5/18/2026,STX,Harbour Condos,Hesselberg,17.69813,-64.88836,23:54,2:00,Mostly Cloudy,60-80%,Waxing Crescent,4.90%,11,Romina and Sabrina,16.26,18.18,19.88,17.64,19.88,17.99,0.21,0.2,0.21,0.21,We are just right of the wall fragment. First measurement in condos property. 
2026,5,18,5/18/2026,STX,Harbour Condos,Hesselberg,17.69851,-64.88808,23:54,2:00,Mostly Cloudy,60-80%,Waxing Crescent,4.90%,12,Romina and Sabrina,20.33,19.5,20.2,17.98,20.09,19.50,0,0,0,0.00,We are in the middle of Harbor Condos. 
2026,5,18,5/18/2026,STX,Harbour Condos,Hesselberg,17.6989,-64.88787,23:54,2:00,Mostly Cloudy,60-80%,Waxing Crescent,4.90%,13,Romina and Sabrina,19.92,19.72,20.27,18.06,20.03,19.49,0,0,0,0.00,"For LW measurement, there are gaps in vegetation, so the streetlights are exposed partly, just North of condos property."
2026,5,18,5/18/2026,STX,Harbour Condos,Hesselberg,17.69927,-64.88761,23:54,2:00,Mostly Cloudy,60-80%,Waxing Crescent,4.90%,14,Romina and Sabrina,20.02,19.44,20.32,17.82,19.32,19.40,0,0,0,0.00,
2026,5,18,5/18/2026,STX,Harbour Condos,Hesselberg,17.69961,-64.88731,23:54,2:00,Mostly Cloudy,60-80%,Waxing Crescent,4.90%,15,Romina and Sabrina,18.7,20.12,20.24,17.76,19.4,19.21,0,0.01,0.01,0.01,There are lots of gaps in the vegetation line so the streetlights are visible.
2026,5,18,5/18/2026,STX,Harbour Condos,Hesselberg,17.70001,-64.88708,23:54,2:00,Mostly Cloudy,60-80%,Waxing Crescent,4.90%,16,Romina and Sabrina,15.81,19.87,20.24,18,19.89,18.48,0.01,0.01,0.01,0.01,LW measurement has gaps in vegetation.
2026,5,18,5/18/2026,STX,Harbour Condos,Hesselberg,17.70037,-64.88681,23:54,2:00,Mostly Cloudy,60-80%,Waxing Crescent,4.90%,17,Romina and Sabrina,18.58,19.72,20.12,17.55,18.69,18.99,0,0,0,0.00,
2026,6,13,6/13/2026,STX,Cottages Beach,Dorst,17.70071,-64.8865,20:58,2:30,Mostly Cloudy,0-80%,Waning Crescent,3.50%,1,"Romina, Sabrina and Dante",17.37,19.54,19.85,17.3,18.62,18.52,0.01,0.01,0.01,0.01,"SQM (LW) Front of old turtle camp at Cottages by the Sea. There is a red light and a gap in the vegetation. The berm is high, so we moved to the middle of the beach."
2026,6,13,6/13/2026,STX,Cottages Beach,Dorst,17.70113,-64.88628,20:58,2:30,Mostly Cloudy,0-80%,Waning Crescent,3.50%,2,"Romina, Sabrina and Dante",15.54,18.4,19.68,16.04,19.57,17.42,0.08,0.06,0.08,0.07,In front of main cottages building
2026,6,13,6/13/2026,STX,Cottages Beach,Dorst,17.70154,-64.88606,20:58,2:30,Mostly Cloudy,0-80%,Waning Crescent,3.50%,3,"Romina, Sabrina and Dante",12.52,18.23,19.75,16.76,19.73,16.82,0.44,0.43,0.44,0.44,Moved up the berm about 1 meter. This measurement was directly in front of the Sand Castle restaurant. They turn off their lights at 21:30. Only SQM (LW) measurements were taken while the light were on. 
2026,6,13,6/13/2026,STX,Cottages Beach,Dorst,17.70192,-64.8858,20:58,2:30,Mostly Cloudy,0-80%,Waning Crescent,3.50%,4,"Romina, Sabrina and Dante",18.75,17.9,19.85,18.07,19.88,18.64,0.03,0.03,0.01,0.02,Just passed Sand Castles property. Their lights are visible and there are gaps in the tree line.
2026,6,13,6/13/2026,STX,Dorsch Beach,Dorst,17.7023,-64.88557,20:58,2:30,Mostly Cloudy,0-80%,Waning Crescent,3.50%,1,"Romina, Sabrina and Dante",16.91,19.15,20.18,18.13,19.93,18.59,0.03,0.03,0.03,0.03,Large gaps in the vegetation line.
2026,6,13,6/13/2026,STX,Dorsch Beach,Dorst,17.70268,-64.88529,20:58,2:30,Mostly Cloudy,0-80%,Waning Crescent,3.50%,2,"Romina, Sabrina and Dante",13.39,19.28,20.06,18.46,20.01,17.80,0.14,0.16,0.14,0.15,Landward measurements were directly in front of a red street light.
2026,6,13,6/13/2026,STX,Dorsch Beach,Dorst,17.70307,-64.88504,20:58,2:30,Mostly Cloudy,0-80%,Waning Crescent,3.50%,3,"Romina, Sabrina and Dante",19.4,18.54,20.09,17.64,20.04,18.92,0.01,0,0,0.00,White street lights are visible on the ground level. Huge gaps along the vegetation line. 
2026,6,13,6/13/2026,STX,Dorsch Beach,Dorst,17.7035,-64.88494,20:58,2:30,Mostly Cloudy,0-80%,Waning Crescent,3.50%,4,"Romina, Sabrina and Dante",18.43,19.1,20.05,17.21,20.01,18.70,0.04,0.06,0.07,0.06,
2026,6,13,6/13/2026,STX,Dorsch Beach,Dorst,17.70393,-64.88478,20:58,2:30,Mostly Cloudy,0-80%,Waning Crescent,3.50%,5,"Romina, Sabrina and Dante",18.03,18.96,20.05,17.68,19.97,18.68,0,0,0,0.00,
2026,6,13,6/13/2026,STX,Dorsch Beach,Dorst,17.70436,-64.88463,20:58,2:30,Mostly Cloudy,0-80%,Waning Crescent,3.50%,6,"Romina, Sabrina and Dante",18.01,19.07,19.95,17.6,19.8,18.66,0.15,0.15,0.15,0.15,Large concrete wall landward.
2026,6,13,6/13/2026,STX,Dorsch Beach,Dorst,17.7048,-64.88447,20:58,2:30,Mostly Cloudy,0-80%,Waning Crescent,3.50%,7,"Romina, Sabrina and Dante",21.19,17.8,20.28,18.01,20,19.32,0,0,0,0.00,Good amount of vegetation
2026,6,13,6/13/2026,STX,Dorsch Beach,Dorst,17.70522,-64.88434,20:58,2:30,Mostly Cloudy,0-80%,Waning Crescent,3.50%,8,"Romina, Sabrina and Dante",18.27,18.09,19.64,17.96,19.95,18.49,0,0,0,0.00,
2026,6,13,6/13/2026,STX,Marley Homes ,Dorst,17.70566,-64.88419,20:58,2:30,Mostly Cloudy,0-80%,Waning Crescent,3.50%,1,"Romina, Sabrina and Dante",18.47,17.65,20.1,17.99,19.92,18.55,0,0,0,0.00,
2026,6,13,6/13/2026,STX,Marley Homes ,Dorst,17.70611,-64.8841,20:58,2:30,Mostly Cloudy,0-80%,Waning Crescent,3.50%,2,"Romina, Sabrina and Dante",18.66,18.47,20.15,17.94,19.71,18.81,0,0,0,0.00,
2026,6,13,6/13/2026,STX,Marley Homes ,Dorst,17.70653,-64.88396,20:58,2:30,Mostly Cloudy,0-80%,Waning Crescent,3.50%,3,"Romina, Sabrina and Dante",13.55,18.6,19.19,17.58,19.15,17.23,0.01,0.03,0.01,0.02,SQM Landward (LW) and South (S) are blocked by a concrete wall at the waterfront picnic area in front of Marely Homes.
2026,6,13,6/13/2026,STX,Marley Homes ,Dorst,17.70699,-64.88389,20:58,2:30,Mostly Cloudy,0-80%,Waning Crescent,3.50%,4,"Romina, Sabrina and Dante",18.93,18.65,20,17.51,19.4,18.77,0.81,0.81,0.8,0.81,Mix of white and red streetlights at Marley Homes
2026,6,13,6/13/2026,STX,Marley Homes ,Dorst,17.70743,-64.88381,20:58,2:30,Mostly Cloudy,0-80%,Waning Crescent,3.50%,5,"Romina, Sabrina and Dante",18.49,17.33,20.09,17.46,19.84,18.34,0.01,0,0,0.00,The start of the boardwalk.
2026,6,14,6/14/2026,STX,Prosperity Beach,Prosperity ,17.72753,-64.88729,21:20,3:00,Partly Cloudy,40-60%,New Moon,0.00%,1,"Romina, Dante and Jahsendi",14.24,20.97,20.45,19.71,20.9,18.84,0.02,0.04,0.04,0.03,Canopy cover seagrape. Concrete wall faces LW measurements. Seagrape is blocking south measurements.
2026,6,14,6/14/2026,STX,Prosperity Beach,Prosperity ,17.72799,-64.88737,21:20,3:00,Partly Cloudy,40-60%,New Moon,0.00%,2,"Romina, Dante and Jahsendi",20.45,19.26,20.5,20.61,20.65,20.21,0,0,0,0.00,
2026,6,14,6/14/2026,STX,Prosperity Beach,Prosperity ,17.7284,-64.88757,21:20,3:00,Partly Cloudy,40-60%,New Moon,0.00%,3,"Romina, Dante and Jahsendi",21.2,18.73,20.78,20.6,20.67,20.33,0,0,0,0.00,
2026,6,14,6/14/2026,STX,Prosperity Beach,Prosperity ,17.72885,-64.88769,21:20,3:00,Partly Cloudy,40-60%,New Moon,0.00%,4,"Romina, Dante and Jahsendi",21.79,18.53,20.5,20.16,20.74,20.25,0,0,0,0.00,
2026,6,14,6/14/2026,STX,Prosperity Beach,Prosperity ,17.72.927,-64.88785,21:20,3:00,Partly Cloudy,40-60%,New Moon,0.00%,5,"Romina, Dante and Jahsendi",13.88,18.59,19.88,16.61,20.45,17.24,0.22,0.24,0.24,0.23,No vegetation cover. Two red streetlights are present. Rhythms at Rainbow have 2 floodlights. Seaward (SW) measurement has shadow reflection.
2026,6,14,6/14/2026,STX,Prosperity Beach,Prosperity ,17.72973,-64.88787,21:20,3:00,Partly Cloudy,40-60%,New Moon,0.00%,6,"Romina, Dante and Jahsendi",17,13.6,20.19,18.53,20.25,17.33,0.19,0.19,0.18,0.19,"No vegetation cover over artifical lights. Moved to the top of the berm because of the sand wall, 2 meters up. Multiple red and white lights from Rhythms. 4 white lights."
2026,6,14,6/14/2026,STX,Prosperity Beach,Prosperity ,17.73011,-64.88811,21:20,3:00,Partly Cloudy,40-60%,New Moon,0.00%,7,"Romina, Dante and Jahsendi",20.27,14.82,20.53,20.11,20.67,18.93,0,0,0,0.00,SQM (S) measurement has a lot of skyglow from Rhythms. Back at HWM for this measurement. SQM (N) has a shadow reflection.
2026,6,14,6/14/2026,STX,Prosperity Beach,Prosperity ,17.73052,-64.88832,21:20,3:00,Partly Cloudy,40-60%,New Moon,0.00%,8,"Romina, Dante and Jahsendi",21.08,16.06,20.77,20.57,20.68,19.62,0,0,0,0.00,Red streetlight is visible through small gaps in vegetation.
2026,6,14,6/14/2026,STX,Spratt Hall,Spratt Hall,17.73092,-64.88864,21:20,3:00,Partly Cloudy,40-60%,New Moon,0.00%,1,"Romina, Dante and Jahsendi",15.67,17.48,20.01,18.04,20.68,17.80,0.06,0.06,0.06,0.06,SQM (SW) shows shadow reflection. Two flood lights are motion detectors (they were on for all the measurement recordings). Has 2 white lights on all the time. It's Nkosi's cousin's house.
2026,6,14,6/14/2026,STX,Spratt Hall,Spratt Hall,17.73132,-64.88876,21:20,3:00,Partly Cloudy,40-60%,New Moon,0.00%,2,"Romina, Dante and Jahsendi",20.5,17.74,20.9,20.2,20.26,19.84,0,0,0,0.00,Beach house has one flood light. Donna Boles friend's house. There are 3 motion detector lights at this property. Lux measurement is 0.01 with lights on.
2026,6,14,6/14/2026,STX,Spratt Hall,Spratt Hall,17.73174,-64.88895,21:20,3:00,Partly Cloudy,40-60%,New Moon,0.00%,3,"Romina, Dante and Jahsendi",20.99,17.44,20.67,20.46,20.6,19.89,0,0,0,0.00,SQM (S) has a concrete wall blocking part of it. SQM (SW) has a concrete wall. SQM (LW) has very heavy vegetation. Motion light from two houses affected all measurements.
2026,6,14,6/14/2026,STX,Spratt Hall,Spratt Hall,17.73217,-64.8891,21:20,3:00,Partly Cloudy,40-60%,New Moon,0.00%,4,"Romina, Dante and Jahsendi",21.7,18.06,20.68,20.73,20.65,20.29,0,0,0,0.00,SQM (S) measurements is affected by town and pier lights. No property lights.
2026,6,14,6/14/2026,STX,Spratt Hall,Spratt Hall,17.73259,-64.88927,21:20,3:00,Partly Cloudy,40-60%,New Moon,0.00%,5,"Romina, Dante and Jahsendi",21.94,17.63,20.83,20.48,20.63,20.22,0,0,0,0.00,
2026,6,14,6/14/2026,STX,Spratt Hall,Spratt Hall,17.73303,-64.88935,21:20,3:00,Partly Cloudy,40-60%,New Moon,0.00%,6,"Romina, Dante and Jahsendi",21.94,18.57,20.95,21.07,20.83,20.63,0,0,0,0.00,
2026,6,14,6/14/2026,STX,Spratt Hall,Spratt Hall,17.73348,-64.88939,21:20,3:00,Partly Cloudy,40-60%,New Moon,0.00%,7,"Romina, Dante and Jahsendi",20.2,19.5,20.94,20.56,20.73,20.30,0,0,0,0.00,"Streetlight doesnt work. If it did, it would light up the beach because there is no vegetation blocking it."
2026,6,14,6/14/2026,STX,Spratt Hall,Spratt Hall,17.73393,-64.88947,21:20,3:00,Partly Cloudy,40-60%,New Moon,0.00%,8,"Romina, Dante and Jahsendi",21.39,19.14,20.97,20.48,20.77,20.50,0,0,0,0.00,
2026,6,14,6/14/2026,STX,Spratt Hall,Spratt Hall,17.73438,-64.88957,21:20,3:00,Partly Cloudy,40-60%,New Moon,0.00%,9,"Romina, Dante and Jahsendi",22.12,19.44,21.08,20.57,20.75,20.80,0,0,0,0.00,
2026,6,14,6/14/2026,STX,Spratt Hall,Spratt Hall,17.73482,-64.88967,21:20,3:00,Partly Cloudy,40-60%,New Moon,0.00%,10,"Romina, Dante and Jahsendi",22.11,19.5,20.94,20.9,20.72,20.86,0,0,0,0.00,
2026,6,14,6/14/2026,STX,Spratt Hall,Spratt Hall,17.73525,-64.88984,21:20,3:00,Partly Cloudy,40-60%,New Moon,0.00%,11,"Romina, Dante and Jahsendi",21.83,19.37,20.94,20.82,20.67,20.74,0,0,0,0.00,
2026,6,15,6/15/2026,STX,Monks Bath ,Butler Bay,17.76292,-64.885,21:26,0:30,"Clear Sky, Light Clouds",0-40%,Waxing Crescent,0.40%,1,"Romina, Sabrina, Dante and Marley",21.84,21.31,21.12,20.32,21.17,21.15,0,0,0,0.00,"Measurements were taken near the edge of the road, where there was a small patch of sand and invasive beach lettuce."
2026,6,15,6/15/2026,STX,Monks Bath ,Butler Bay,17.76275,-64.88544,21:26,0:30,"Clear Sky, Light Clouds",0-40%,Waxing Crescent,0.40%,2,"Romina, Sabrina, Dante and Marley",23.08,23.08,21.24,22.72,21.16,22.53,0,0,0,0.00,Darkest spot. Heavy vegetation cover all around. Road and streetlights are not visible. 
2026,6,15,6/15/2026,STX,Monks Bath ,Butler Bay,17.76254,-64.88588,21:26,0:30,"Clear Sky, Light Clouds",0-40%,Waxing Crescent,0.40%,3,"Romina, Sabrina, Dante and Marley",22.02,22.95,21.34,22.83,21.75,22.29,0,0,0,0.00,Measurement is taken in front of the Trans Americas Fiber Cable Landing Project (TAF) LLC. One white streetlight and one light orange are visible from the beach.
2026,6,15,6/15/2026,STX,Monks Bath ,Butler Bay,17.76238,-64.88632,21:26,0:30,"Clear Sky, Light Clouds",0-40%,Waxing Crescent,0.40%,4,"Romina, Sabrina, Dante and Marley",22.45,21.43,21.14,21.08,21.12,21.53,0,0,0,0.00,
2026,6,15,6/15/2026,STX,Monks Bath ,Butler Bay,17.76208,-64.88668,21:26,0:30,"Clear Sky, Light Clouds",0-40%,Waxing Crescent,0.40%,5,"Romina, Sabrina, Dante and Marley",19.38,22.72,21.96,22.02,22.58,21.52,0,0,0,0.00,The building has 3 white security lights. They are visible through vegetation gaps. 
2026,6,15,6/15/2026,STX,Monks Bath ,Butler Bay,17.76185,-64.88709,21:26,0:30,"Clear Sky, Light Clouds",0-40%,Waxing Crescent,0.40%,6,"Romina, Sabrina, Dante and Marley",22.93,21.39,21,21.39,21.11,21.68,0,0,0,0.00,
2026,6,15,6/15/2026,STX,Monks Bath ,Butler Bay,17.76158,-64.88747,21:26,0:30,"Clear Sky, Light Clouds",0-40%,Waxing Crescent,0.40%,7,"Romina, Sabrina, Dante and Marley",22.95,21.21,21.13,21.19,21.11,21.62,0,0,0,0.00,
2026,6,15,6/15/2026,STX,Monks Bath ,Butler Bay,17.76137,-64.88791,21:26,0:30,"Clear Sky, Light Clouds",0-40%,Waxing Crescent,0.40%,8,"Romina, Sabrina, Dante and Marley",21.97,21.22,21.18,20.62,21.05,21.25,0,0,0,0.00,
2026,6,15,6/15/2026,STX,Monks Bath ,Butler Bay,17.76107,-64.88824,21:26,0:30,"Clear Sky, Light Clouds",0-40%,Waxing Crescent,0.40%,9,"Romina, Sabrina, Dante and Marley",22.95,21.47,21.14,21.08,21.08,21.66,0,0,0,0.00,
2026,6,15,6/15/2026,STX,Monks Bath ,Butler Bay,17.7608,-64.88861,21:26,0:30,"Clear Sky, Light Clouds",0-40%,Waxing Crescent,0.40%,10,"Romina, Sabrina, Dante and Marley",21.21,20.82,21.04,20.99,21.08,21.02,0,0,0,0.00,
2026,6,15,6/15/2026,STX,Monks Bath ,Butler Bay,17.76039,-64.88878,21:26,0:30,"Clear Sky, Light Clouds",0-40%,Waxing Crescent,0.40%,11,"Romina, Sabrina, Dante and Marley",22.58,21,21.05,21.18,21.04,21.45,0,0,0,0.00,SQM and lux measurements are within the rocky outcrop.
2026,6,15,6/15/2026,STX,Monks Bath ,Butler Bay,17.75999,-64.88902,21:26,0:30,"Clear Sky, Light Clouds",0-40%,Waxing Crescent,0.40%,12,"Romina, Sabrina, Dante and Marley",18.7,20.22,20.92,20.57,21,20.10,0.01,0.01,0,0.01,
2026,6,15,6/15/2026,STX,Monks Bath ,Butler Bay,17.75959,-64.88923,21:26,0:30,"Clear Sky, Light Clouds",0-40%,Waxing Crescent,0.40%,13,"Romina, Sabrina, Dante and Marley",17.38,19.63,19.92,20.4,20.9,19.33,0.08,0.08,0.08,0.08,
2026,6,16,6/16/2026,STX,Spratt Hall,Spratt Hall,17.7357,-64.88999,21:08,22:10,Clear Sky,0-20%,Waxing Crescent,3.40%,13,"Romina, Dante and Jahsendi",21.44,19.35,20.94,20.88,20.89,20.65,0,0,0,0.00,
2026,6,16,6/16/2026,STX,Spratt Hall,Spratt Hall,17.73614,-64.89015,21:08,22:10,Clear Sky,0-20%,Waxing Crescent,3.40%,14,"Romina, Dante and Jahsendi",22.33,19.43,20.96,21.08,20.94,20.95,0,0,0,0.00,
2026,6,16,6/16/2026,STX,Spratt Hall,Spratt Hall,17.73656,-64.89029,21:08,22:10,Clear Sky,0-20%,Waxing Crescent,3.40%,15,"Romina, Dante and Jahsendi",22.64,20.26,21.02,22.3,21.64,21.56,0,0,0,0.00,
2026,6,16,6/16/2026,STX,Spratt Hall,Spratt Hall,17.73695,-64.89055,21:08,22:10,Clear Sky,0-20%,Waxing Crescent,3.40%,16,"Romina, Dante and Jahsendi",22.61,20.33,20.93,21.21,21.19,21.27,0,0,0,0.00,
2026,6,16,6/16/2026,STX,Hams Bay,Ham's Bay,17.76933,-64.87588,22:25,23:20,"Clear Sky, Light Clouds",0-20%,Waxing Crescent,3.40%,1,"Romina, Dante and Jahsendi",22.3,21.06,21.19,20.96,21.14,21.38,0,0,0,0.00,
2026,6,16,6/16/2026,STX,Hams Bay,Ham's Bay,17.76914,-64.87547,22:25,23:20,"Clear Sky, Light Clouds",0-20%,Waxing Crescent,3.40%,2,"Romina, Dante and Jahsendi",22.85,21.41,21.29,20.95,21.17,21.63,0,0,0,0.00,
2026,6,16,6/16/2026,STX,Hams Bay,Ham's Bay,17.76915,-64.87501,22:25,23:20,"Clear Sky, Light Clouds",0-20%,Waxing Crescent,3.40%,3,"Romina, Dante and Jahsendi",22.89,21.48,21.2,21.52,21.21,21.77,0,0,0,0.00,Natural rock wall.
2026,6,16,6/16/2026,STX,Hams Bay,Ham's Bay,17.76932,-64.87454,22:25,23:20,"Clear Sky, Light Clouds",0-20%,Waxing Crescent,3.40%,4,"Romina, Dante and Jahsendi",22.41,21.55,21.48,23.23,21.22,22.17,0,0,0,0.00,Natural rock wall.
2026,6,16,6/16/2026,STX,Marley Homes ,Dorst,17.70789,-64.88377,23:57,0:17,Clear Sky,0-20%,Waxing Crescent,3.40%,6,"Romina, Dante and Jahsendi",12.86,18.03,19.51,16.25,22.09,16.66,0.23,0.26,0.23,0.24,Front of red streetlight and white streetlight. SQM (SW) showed shadow reflection. SQM (LW) is in front of the boardwalk concrete wall. 
2026,6,16,6/16/2026,STX,Marley Homes ,Dorst,17.70834,-64.8837,23:57,0:17,Clear Sky,0-20%,Waxing Crescent,3.40%,7,"Romina, Dante and Jahsendi",11.68,16.69,17.81,16.12,18.43,15.58,3.92,3.92,3.94,3.93,SQM (S) is in front of a truck's trailer on the pier where we took measurement. SQM (SW) shows shadow reflection.
2026,6,16,6/16/2026,STX,SPNWR West Shore,Sandy Point,17.67884,-64.90442,0:45,1:40,"Clear Sky, Light Clouds",0-20%,Waxing Crescent,3.40%,13,"Romina, Dante and Jahsendi",19.23,20.75,21.05,20.57,20.84,20.40,0,0,0,0.00,
2026,6,16,6/16/2026,STX,SPNWR West Shore,Sandy Point,17.6792,-64.90472,0:45,1:40,"Clear Sky, Light Clouds",0-20%,Waxing Crescent,3.40%,14,"Romina, Dante and Jahsendi",18.89,20.97,21.04,20.76,20.86,20.42,0,0,0,0.00,
2026,6,16,6/17/2026,STX,The Fred,Dorst,17.70877,-64.88361,22:23,23:10,Clear Sky,0-20%,Waxing Crescent,9.20%,1,Romina and Nkosi,10.98,16.18,18.87,15.72,19.6,15.44,1.4,1.4,1.4,1.40,Bright artificial lights.
2026,6,16,6/17/2026,STX,The Fred,Dorst,17.70924,-64.88354,22:23,23:10,Clear Sky,0-20%,Waxing Crescent,9.20%,2,Romina and Nkosi,13.94,14.97,19.32,16.75,19.12,16.25,0.48,0.48,0.48,0.48,In front of The Fred's restaurant. Yellow building with decorative lighting. Poor vegetation cover.
2026,6,16,6/17/2026,STX,The Fred,Dorst,17.7097,-64.8835,22:23,23:10,Clear Sky,0-20%,Waxing Crescent,9.20%,3,Romina and Nkosi,14.65,16.06,19.28,17.43,19.33,16.86,0.73,0.73,0.75,0.74,"Bright, white floodlight on the side of The Fred hotel."
,,,,,,,,,,,,,,,,,,,,,,,,,,,
,,,,,,,,,,,,,,,,,,,,,,,,,,,
,,,,,,,,,,,,,,,,,,,,,,,,,,,
,,,,,,,,,,,,,,,,,,,,,,,,,,,Representation of an ALAN‑free site. Remote and isolated from urban development and artificial lights.
,,,,,,,,,,,,,,,,,,,,,,,,,,,Representation of an ALAN‑free site. Remote and isolated from urban development and artificial lights.
,,,,,,,,,,,,,,,,,,,,,,,,,,,Representation of an ALAN‑free site. Remote and isolated from urban development and artificial lights.
,,,,,,,,,,,,,,,,,,,,,,,,,,,Representation of an ALAN‑free site. Remote and isolated from urban development and artificial lights.
,,,,,,,,,,,,,,,,,,,,,,,,,,,Representation of an ALAN‑free site. Remote and isolated from urban development and artificial lights.
,,,,,,,,,,,,,,,,,,,,,,,,,,,Representation of an ALAN‑free site. Remote and isolated from urban development and artificial lights.
,,,,,,,,,,,,,,,,,,,,,,,,,,,Representation of an ALAN‑free site. Remote and isolated from urban development and artificial lights.