YEAR,MONTH,DAY,DATE,ISLAND,LOCATION,LATITUDE,LONGITUDE,START TIME,END TIME,WEATHER,CLOUD COVER,MOON CONDITIONS,MOON ILLUMINATION,Points,RECORDERS,SQM (LW),SQM (W),SQM (SW),SQM (E),SQM ZENITH,AVERAGE SQM ,Notes
2026,7,12,7/12/2026,STX,Palms at Pelican Cove,17.76389,-64.73287,21:11,23:10,Mostly Cloudy,60-80%,Waning Crescent,4.80%,1,"Romina, Dante, Jahleya and Nakia",16.43,20.47,19.47,17.22,18.64,18.40,SQM(W) - Concrete wall
2026,7,12,7/12/2026,STX,Palms at Pelican Cove,17.7636,-64.73257,21:11,23:10,Mostly Cloudy,60-80%,Waning Crescent,4.80%,2,"Romina, Dante, Jahleya and Nakia",19.89,17.29,19.79,16.9,18.65,18.47,
2026,7,12,7/12/2026,STX,Palms at Pelican Cove,17.76327,-64.73223,21:11,23:10,Mostly Cloudy,60-80%,Waning Crescent,4.80%,3,"Romina, Dante, Jahleya and Nakia",19.48,18.11,19.67,16.9,19.44,18.54,
2026,7,12,7/12/2026,STX,Palms at Pelican Cove,17.76288,-64.73195,21:11,23:10,Mostly Cloudy,60-80%,Waning Crescent,4.80%,4,"Romina, Dante, Jahleya and Nakia",18.46,18.86,19.13,16.94,18.81,18.35,
2026,7,12,7/12/2026,STX,Palms at Pelican Cove,17.76252,-64.73195,21:11,23:10,Mostly Cloudy,60-80%,Waning Crescent,4.80%,5,"Romina, Dante, Jahleya and Nakia",18.12,18.73,18.93,16.9,18.8,18.17,
2026,7,12,7/12/2026,STX,Palms at Pelican Cove,17.76233,-64.73128,21:11,23:10,Mostly Cloudy,60-80%,Waning Crescent,4.80%,6,"Romina, Dante, Jahleya and Nakia",18.7,17.74,18.8,15.37,18.54,17.65,
2026,7,12,7/12/2026,STX,Palms at Pelican Cove,17.76227,-64.73081,21:11,23:10,Mostly Cloudy,60-80%,Waning Crescent,4.80%,7,"Romina, Dante, Jahleya and Nakia",12.38,15.79,18.51,15.87,19.02,15.64,Front of Palms restaurant and decor lighting.
2026,7,12,7/12/2026,STX,Palms at Pelican Cove,17.76228,-64.73035,21:11,23:10,Mostly Cloudy,60-80%,Waning Crescent,4.80%,8,"Romina, Dante, Jahleya and Nakia",14.79,13.86,19.32,17.55,18.78,16.38,
2026,7,12,7/12/2026,STX,Palms at Pelican Cove,17.76227,-64.7299,21:11,23:10,Mostly Cloudy,60-80%,Waning Crescent,4.80%,9,"Romina, Dante, Jahleya and Nakia",15.93,15.43,19.41,16.73,19,16.88,
2026,7,12,7/12/2026,STX,Palms at Pelican Cove,17.7621,-64.72949,21:11,23:10,Mostly Cloudy,60-80%,Waning Crescent,4.80%,10,"Romina, Dante, Jahleya and Nakia",17.07,16.54,19.53,17.06,19.2,17.55,
2026,7,12,7/12/2026,STX,Palms at Pelican Cove,17.76191,-64.72915,21:11,23:10,Mostly Cloudy,60-80%,Waning Crescent,4.80%,11,"Romina, Dante, Jahleya and Nakia",14.62,18.68,19.65,17.17,19.07,17.53,
2026,7,12,7/12/2026,STX,Palms at Pelican Cove,17.76176,-64.72891,21:11,23:10,Mostly Cloudy,60-80%,Waning Crescent,4.80%,12,"Romina, Dante, Jahleya and Nakia",14.43,14.93,19.64,17.45,19.1,16.61,Condo lights. SQM(LW) - Palm tree. SQM(W) - Palms lights. 
2026,7,12,7/12/2026,STX,Palms at Pelican Cove,17.76156,-64.72857,21:11,23:10,Mostly Cloudy,60-80%,Waning Crescent,4.80%,13,"Romina, Dante, Jahleya and Nakia",16.76,16.56,19.5,18.06,19.03,17.72,"SQM(LW) - Front of almond tree and coconut tree. Yellow, white and green lights are present around the condos. SQM(E) - vegetation."
2026,7,12,7/12/2026,STX,Palms at Pelican Cove,17.76137,-64.7281,21:11,23:10,Mostly Cloudy,60-80%,Waning Crescent,4.80%,14,"Romina, Dante, Jahleya and Nakia",20.65,17.71,19.32,18.36,18.98,19.01,"SQM(LW) - Facing vegetation, SQM(W) - lights "
2026,7,12,7/12/2026,STX,Palms at Pelican Cove,17.76123,-64.72765,21:11,23:10,Mostly Cloudy,60-80%,Waning Crescent,4.80%,15,"Romina, Dante, Jahleya and Nakia",20.69,18.09,19.7,18,19.15,19.12,"SQM(LW) - Sea grape tree, SQM(W) - Facing vegetation"
2026,7,12,7/12/2026,STX,Cane Bay,Redo,Redo,0:35,1:23,Mostly Cloudy,60-80%,Waning Crescent,4.80%,1,"Romina, Dante and Jahleya",18.37,21.72,20.6,16.8,21.11,19.37,SQM (W) - Large coconut tree and vegetation
2026,7,12,7/12/2026,STX,Cane Bay,Redo,Redo,0:35,1:23,Mostly Cloudy,60-80%,Waning Crescent,4.80%,2,"Romina, Dante and Jahleya",15.94,19.89,20.61,18.49,19.92,18.73,"SQM(LW) - Bar motion light, SQM(SW) - Coconut trees"
2026,7,12,7/12/2026,STX,Cane Bay,Redo,Redo,0:35,1:23,Mostly Cloudy,60-80%,Waning Crescent,4.80%,3,"Romina, Dante and Jahleya",14.97,15.37,20.01,16.63,19.56,16.75,
2026,7,12,7/12/2026,STX,Cane Bay,Redo,Redo,0:35,1:23,Mostly Cloudy,60-80%,Waning Crescent,4.80%,4,"Romina, Dante and Jahleya",16.18,16.75,19.62,16.95,19.32,17.38,
2026,7,12,7/12/2026,STX,Cane Bay,Redo,Redo,0:35,1:23,Mostly Cloudy,60-80%,Waning Crescent,4.80%,5,"Romina, Dante and Jahleya",18.8,19.11,20.72,20.64,19.76,19.82,
2026,7,12,7/12/2026,STX,Cane Bay,Redo,Redo,0:35,1:23,Mostly Cloudy,60-80%,Waning Crescent,4.80%,6,"Romina, Dante and Jahleya",20.83,18.63,20.94,21.65,20.44,20.51,
2026,7,13,7/13/2026,STX,Judiths Fancy,17.77434,-64.74124,21:00,0:25,Partly Cloudy,40-60%,Waning Crescent,1.00%,1,Romina and Jahsendi,19.53,19.63,19.93,18.43,19.05,19.38,Artificial lights above the cliff house. First beach with sand on the east end.
2026,7,13,7/13/2026,STX,Judiths Fancy,17.77462,-64.74164,21:00,0:25,Partly Cloudy,40-60%,Waning Crescent,1.00%,2,Romina and Jahsendi,18.93,20.31,20.32,18.62,19.74,19.55,Beach in the east end.
2026,7,13,7/13/2026,STX,Judiths Fancy,17.77592,-64.74292,21:00,0:25,Partly Cloudy,40-60%,Waning Crescent,1.00%,3,Romina and Jahsendi,21.2,20.75,20.31,18.01,19.82,20.07,This house/property is right on the beach. No sand. Measurements were taken on its concrete ground.
2026,7,13,7/13/2026,STX,Judiths Fancy,17.77631,-64.74316,21:00,0:25,Partly Cloudy,40-60%,Waning Crescent,1.00%,4,Romina and Jahsendi,17.73,20.18,20.18,17.73,19.77,18.96,This house is further up. It has a backlight on its door. 
2026,7,13,7/13/2026,STX,Judiths Fancy,17.77668,-64.74341,21:00,0:25,Partly Cloudy,40-60%,Waning Crescent,1.00%,5,Romina and Jahsendi,19.3,20.09,19.97,17.04,19.73,19.10,
2026,7,13,7/13/2026,STX,Judiths Fancy,17.77704,-64.74368,21:00,0:25,Partly Cloudy,40-60%,Waning Crescent,1.00%,6,Romina and Jahsendi,19.13,20.08,20.22,17.32,19.43,19.19,SQM (SW) - Sargassum 
2026,7,13,7/13/2026,STX,Judiths Fancy,17.7774,-64.74397,21:00,0:25,Partly Cloudy,40-60%,Waning Crescent,1.00%,7,Romina and Jahsendi,18.77,20.44,19.72,17.59,19.72,19.13,
2026,7,13,7/13/2026,STX,Judiths Fancy,17.77779,-64.7442,21:00,0:25,Partly Cloudy,40-60%,Waning Crescent,1.00%,8,Romina and Jahsendi,20.52,20.14,19.93,17.91,19.59,19.63,"SQM ( LW) -  High topography, hill and vegetation."
2026,7,13,7/13/2026,STX,Judiths Fancy,17.77812,-64.74451,21:00,0:25,Partly Cloudy,40-60%,Waning Crescent,1.00%,9,Romina and Jahsendi,19.03,20.25,20.09,18.04,19.07,19.35,"SQM ( LW) -  High topography, hill and vegetation."
2026,7,13,7/13/2026,STX,Judiths Fancy,17.77845,-64.74483,21:00,0:25,Partly Cloudy,40-60%,Waning Crescent,1.00%,10,Romina and Jahsendi,19.62,20.18,19.99,17.71,19.59,19.38,"The end of the beach. The rest of the beach is all rocks, no sand. Loads of sargassum. "
2026,7,13,7/13/2026,STX,Judiths Fancy,17.77981,-64.74583,21:00,0:25,Partly Cloudy,40-60%,Waning Crescent,1.00%,11,Romina and Jahsendi,19.09,20.35,20.16,17.44,19.87,19.26,We took measurements at the start of the sand line. We trekked through a path someone trimmed. Its not perfect. We walked through it to get door to the beach. West end beach.
2026,7,13,7/13/2026,STX,Judiths Fancy,17.78005,-64.74622,21:00,0:25,Partly Cloudy,40-60%,Waning Crescent,1.00%,12,Romina and Jahsendi,18.83,20.45,20.25,17.46,19.88,19.25,We saw two turtle body pits here :) West end beach (very small area with sand).
2026,7,13,7/13/2026,STX,Grotto Beach,17.75568,-64.68357,0:55,2:47,Partly Cloudy,40-60%,Waning Crescent,1.00%,1,Romina and Jahsendi,17.82,17.98,18.63,20.32,19.67,18.69,SQM (LW) - Lights
2026,7,13,7/13/2026,STX,Grotto Beach,17.7553,-64.68384,0:55,2:47,Partly Cloudy,40-60%,Waning Crescent,1.00%,2,Romina and Jahsendi,19.91,18.56,19.19,15.97,19.66,18.41,SQM (E) - Lights
2026,7,13,7/13/2026,STX,Grotto Beach,17.75493,-64.68417,0:55,2:47,Partly Cloudy,40-60%,Waning Crescent,1.00%,3,Romina and Jahsendi,20.24,17.85,19.45,16.97,19.74,18.63,
2026,7,13,7/13/2026,STX,Grotto Beach,17.75468,-64.68452,0:55,2:47,Partly Cloudy,40-60%,Waning Crescent,1.00%,4,Romina and Jahsendi,20.62,17.39,19.93,17.76,19.83,18.93,SQM (LW) - Vegetation
2026,7,13,7/13/2026,STX,Grotto Beach,17.75446,-64.68494,0:55,2:47,Partly Cloudy,40-60%,Waning Crescent,1.00%,5,Romina and Jahsendi,20.23,17.57,20.1,18.68,19.86,19.15,
2026,7,13,7/13/2026,STX,Grotto Beach,17.75429,-64.68539,0:55,2:47,Partly Cloudy,40-60%,Waning Crescent,1.00%,6,Romina and Jahsendi,20.45,18.11,19.91,17.57,19.78,19.01,
2026,7,13,7/13/2026,STX,Grotto Beach,17.75418,-64.68583,0:55,2:47,Partly Cloudy,40-60%,Waning Crescent,1.00%,7,Romina and Jahsendi,21.53,17.93,19.87,17.74,19.29,19.27,
2026,7,13,7/13/2026,STX,Grotto Beach,17.7541,-64.6863,0:55,2:47,Partly Cloudy,40-60%,Waning Crescent,1.00%,8,Romina and Jahsendi,20.52,17.91,19.93,17.89,19.75,19.06,SQM (E) - Lights
2026,7,13,7/13/2026,STX,Grotto Beach,17.75405,-64.68677,0:55,2:47,Partly Cloudy,40-60%,Waning Crescent,1.00%,9,Romina and Jahsendi,20.42,18.08,20.01,17.96,19.77,19.12,
2026,7,13,7/13/2026,STX,Grotto Beach,17.75403,-64.68724,0:55,2:47,Partly Cloudy,40-60%,Waning Crescent,1.00%,10,Romina and Jahsendi,19.65,18.4,20.28,18.05,19.76,19.10,
2026,8,11,8/11/2026,STX,Brown Bay,17.76079,-64.58225,22:49,0:10,Mostly Clear/Partly Cloudy,20-60%,Waning Cresecent,1.80%,1,Romina and Abigail,21.13,21.4,21.87,21.95,21.1,21.59,Representation of an ALAN‑free site. Remote and isolated from urban development and artificial lights.
2026,8,11,8/11/2026,STX,Brown Bay,17.7605,-64.58188,22:49,0:10,Mostly Clear/Partly Cloudy,20-60%,Waning Cresecent,1.80%,2,Romina and Abigail,21.18,21.23,21.65,21.77,20.91,21.46,Representation of an ALAN‑free site. Remote and isolated from urban development and artificial lights.
2026,8,11,8/11/2026,STX,Brown Bay,17.76023,-64.58151,22:49,0:10,Mostly Clear/Partly Cloudy,20-60%,Waning Cresecent,1.80%,3,Romina and Abigail,21.25,20.83,21.77,21.89,20.97,21.44,Representation of an ALAN‑free site. Remote and isolated from urban development and artificial lights.
2026,8,11,8/11/2026,STX,Brown Bay,17.75995,-64.58113,22:49,0:10,Mostly Clear/Partly Cloudy,20-60%,Waning Cresecent,1.80%,4,Romina and Abigail,20.32,21.44,21.89,21.89,20.93,21.39,Representation of an ALAN‑free site. Remote and isolated from urban development and artificial lights.
2026,8,11,8/11/2026,STX,Brown Bay,17.75966,-64.58077,22:49,0:10,Mostly Clear/Partly Cloudy,20-60%,Waning Cresecent,1.80%,5,Romina and Abigail,21.3,21.32,21.75,21.97,21.14,21.59,Representation of an ALAN‑free site. Remote and isolated from urban development and artificial lights.
2026,8,11,8/11/2026,STX,Brown Bay,17.7594,-64.58039,22:49,0:10,Mostly Clear/Partly Cloudy,20-60%,Waning Cresecent,1.80%,6,Romina and Abigail,23.14,21.01,21.83,23.2,21.19,22.30,Representation of an ALAN‑free site. Remote and isolated from urban development and artificial lights.
2026,9,8,09/08/2026,STX,Mermaid Beach,17.7566,-64.68277,21:00,21:39,Mostly Clear/Partly Cloudy,20-60%,Waning Cresecent,8.10%,1,Romina and Abigail,21.28,20.88,19.77,19.39,20.09,20.33,SQM(E): Mahoe tree
2026,9,8,09/08/2026,STX,Mermaid Beach,17.75682,-64.68236,21:00,21:39,Mostly Clear/Partly Cloudy,20-60%,Waning Cresecent,8.10%,2,Romina and Abigail,18.67,17.93,19.42,18.61,19.68,18.66,"LW: coconut leaves swaying, lampost lights behind beach chairs, E: indoor hotel lights on with curtains open, 5 visible white lights (lamposts)"
2026,9,8,09/08/2026,STX,Mermaid Beach,17.75719,-64.68205,21:00,21:39,Mostly Clear/Partly Cloudy,20-60%,Waning Cresecent,8.10%,3,Romina and Abigail,17.73,17.45,19.25,16.93,19.63,17.84,"LW: 4 lights present, W: closer to the main suites in front of the beach with yellow soft lights.  "
2026,9,8,09/08/2026,STX,Mermaid Beach,17.75762,-64.68194,21:00,21:39,Mostly Clear/Partly Cloudy,20-60%,Waning Cresecent,8.10%,4,Romina and Abigail,14.44,17.67,16.96,19.12,18.98,17.05,"In front of suites facing the beach. LW: seagrape bush trimmed down for suites to see the ocean, bright lampost and porch light, E: yellow and white lights, coconut leaves swaying, SW: shadow reflection, W: vegetation, Z: clouds moving"
2026,9,8,09/08/2026,STX,Whistle Beach,17.76,-64.68033,21:55,22:19,Mostly Clear/Partly Cloudy,20-60%,Waning Cresecent,8.10%,1,Romina and Abigail,21.75,18.23,20.47,20.89,20.32,20.34,1st reading on the sand line where habitat is suitable for nesting. This beach has narrow vegetation. Small cliff on the went end of the beach.
2026,9,8,09/08/2026,STX,Whistle Beach,17.75978,-64.68074,21:55,22:19,Mostly Clear/Partly Cloudy,20-60%,Waning Cresecent,8.10%,2,Romina and Abigail,20.85,18.2,20.19,20.62,20.16,19.97,More clouds came in. 
2026,9,8,09/08/2026,STX,Whistle Beach,17.75972,-64.68121,21:55,22:19,Mostly Clear/Partly Cloudy,20-60%,Waning Cresecent,8.10%,3,Romina and Abigail,19.99,19.73,20.07,20.14,20.3,19.98,East end of the beach has a cliff/higher topography. 
2026,9,8,09/08/2026,STX,Tamarind Reef,17.76123,-64.67142,22:46,22:59,Mostly Clear/Partly Cloudy,20-60%,Waning Cresecent,8.10%,1,Romina and Abigail,12.51,18.71,19.95,19.58,19.29,17.69,Note: We started at the west side (small sand/pebble patch of beach) then walk over to the east side of the beach ( small beach with coarse sand).
2026,9,8,09/08/2026,STX,Tamarind Reef,17.76137,-64.67187,22:46,22:59,Mostly Clear/Partly Cloudy,20-60%,Waning Cresecent,8.10%,2,Romina and Abigail,19.65,18.15,22.34,19.62,18.91,19.94,
2026,9,8,09/08/2026,STX,Tamarind Reef,17.76079,-64.6687,23:09,23:33,Mostly Clear/Partly Cloudy,20-60%,Waning Cresecent,8.10%,3,Romina and Abigail,18.41,16.29,20.57,19.13,20.39,18.60,
2026,9,8,09/08/2026,STX,Tamarind Reef,17.76074,-64.66916,23:09,23:33,Mostly Clear/Partly Cloudy,20-60%,Waning Cresecent,8.10%,4,Romina and Abigail,16.69,16.35,20.67,16.18,20.56,17.47,
2026,9,8,09/08/2026,STX,Tamarind Reef,17.7608,-64.66964,23:09,23:33,Mostly Clear/Partly Cloudy,20-60%,Waning Cresecent,8.10%,5,Romina and Abigail,14.34,16.15,20.31,14.49,20.29,16.32,
2026,9,10,09/10/2026,STX,Davis Bay,17.7621,-64.83422,23:22,0:26,Partly Cloudy,40-60%,Waning Cresecent,2.90%,1,Romina and Omari,21.01,22.52,20.95,19.07,19.73,20.89,W: cliff wall
2026,9,10,09/10/2026,STX,Davis Bay,17.76211,-64.83373,23:22,0:26,Partly Cloudy,40-60%,Waning Cresecent,2.90%,2,Romina and Omari,19.44,20.83,20.84,19.15,19.62,20.07,"LW: hotel light visible, W: lighthouse light blinking, E: hotel light visible"
2026,9,10,09/10/2026,STX,Davis Bay,17.76227,-64.83328,23:22,0:26,Partly Cloudy,40-60%,Waning Cresecent,2.90%,3,Romina and Omari,19.95,20.58,20.94,20.14,20.5,20.40,LW: soft white lights visible
2026,9,10,09/10/2026,STX,Davis Bay,17.76244,-64.83285,23:22,0:26,Partly Cloudy,40-60%,Waning Cresecent,2.90%,4,Romina and Omari,20.63,20.67,20.95,20.25,20.3,20.63,E: hotel restaurant light visible. This point is in front of stake number 6 on the beach.
2026,9,10,09/10/2026,STX,Davis Bay,17.76258,-64.83242,23:22,0:26,Partly Cloudy,40-60%,Waning Cresecent,2.90%,5,Romina and Omari,20.12,20.6,20.78,18.94,20.22,20.11,E:soft light visible near pool area
2026,9,10,09/10/2026,STX,Davis Bay,17.76271,-64.83195,23:22,0:26,Partly Cloudy,40-60%,Waning Cresecent,2.90%,6,Romina and Omari,19.99,20.27,20.81,19.27,19.16,20.09,LW: front of pool soft light
2026,9,10,09/10/2026,STX,Davis Bay,17.76201,-64.83155,23:22,0:26,Partly Cloudy,40-60%,Waning Cresecent,2.90%,7,Romina and Omari,16.54,19.7,20.64,19.51,19.99,19.10,Soft light visible from the restaurant.
2026,9,10,09/10/2026,STX,Columbus Landing,17.77906,-64.7586,1:06,1:44,Partly Cloudy/Clear Skies,40-60%,Waning Cresecent,2.90%,1,Romina and Omari,21.62,17.96,20.75,20.25,19.3,20.15,"Weather: super windy. LW: in front of mahoe tree, W: coconut tree swaying and streetlight on, E: cliff wall"
2026,9,10,09/10/2026,STX,Columbus Landing,17.77924,-64.75905,1:06,1:44,Partly Cloudy/Clear Skies,40-60%,Waning Cresecent,2.90%,2,Romina and Omari,15.5,18.63,20.28,17.44,20.12,17.96,"LW: in front of coconut and seagrape tree and other vegetation covering the bright, tall streetlight "
2026,9,10,09/10/2026,STX,Columbus Landing,17.77951,-64.75944,1:06,1:44,Partly Cloudy/Clear Skies,40-60%,Waning Cresecent,2.90%,3,Romina and Omari,18.96,19.8,20.45,14.75,20.27,18.49,LW: coconut trees swaying
2026,9,10,09/10/2026,STX,Columbus Landing,17.7798,-64.75979,1:06,1:44,Partly Cloudy/Clear Skies,40-60%,Waning Cresecent,2.90%,4,Romina and Omari,20.29,20.74,20.8,17.88,20.28,19.93,SW: sargassum (loads of it)
2026,9,11,09/11/2026,STX,Coakley Bay,17.7619,-64.64741,21:40,23:57,Partly Cloudy/Clear Skies,40-60%,New Moon,0%,1,Romina and Omari,22.54,20.13,21,20.26,20.53,20.98,Starting point starts at the west end of the beach (rock wall and surrounding cliff for LW and W readings.
2026,9,11,09/11/2026,STX,Coakley Bay,17.76178,-64.64699,21:40,23:57,Partly Cloudy/Clear Skies,40-60%,New Moon,0%,2,Romina and Omari,19.3,20.21,20.79,19.5,20.57,19.95,E: soft white lights from homes
2026,9,11,09/11/2026,STX,Coakley Bay,17.76147,-64.64663,21:40,23:57,Partly Cloudy/Clear Skies,40-60%,New Moon,0%,3,Romina and Omari,17.86,19.92,20.94,19.65,20.52,19.59,"LW: outdoor lights visible from houses in the valley, W: Manison and community lights visible"
2026,9,11,09/11/2026,STX,Coakley Bay,17.76118,-64.64627,21:40,23:57,Partly Cloudy/Clear Skies,40-60%,New Moon,0%,4,Romina and Omari,19.82,20.1,20.83,19.3,20.03,20.01,SW: green buoy light blinking 
2026,9,11,09/11/2026,STX,Coakley Bay,17.76089,-64.64592,21:40,23:57,Partly Cloudy/Clear Skies,40-60%,New Moon,0%,5,Romina and Omari,20.01,20.36,20.85,19.32,20.09,20.14,SW: This point is in front of an inkberry and beach lettuce bush because its on the berm/HWM.
2026,9,11,09/11/2026,STX,Coakley Bay,17.76055,-64.64557,21:40,23:57,Partly Cloudy/Clear Skies,40-60%,New Moon,0%,6,Romina and Omari,19.72,20.25,21.25,19.94,20.36,20.29,E: vegetation
2026,9,11,09/11/2026,STX,Coakley Bay,17.76026,-64.64521,21:40,23:57,Partly Cloudy/Clear Skies,40-60%,New Moon,0%,7,Romina and Omari,19.92,20.41,20.58,19.62,20.44,20.13,"SW: green buoy light blinking, LW: wooden pallets, open path is here, including tall vegetation"
2026,9,11,09/11/2026,STX,Coakley Bay,17.75998,-64.64488,21:40,23:57,Partly Cloudy/Clear Skies,40-60%,New Moon,0%,8,Romina and Omari,20.13,20.31,20.4,20.4,20.01,20.31,
2026,9,11,09/11/2026,STX,Coakley Bay,17.75966,-64.6445,21:40,23:57,Partly Cloudy/Clear Skies,40-60%,New Moon,0%,9,Romina and Omari,20.1,20.15,20.68,20.43,20.5,20.34,
2026,9,11,09/11/2026,STX,Coakley Bay,17.75944,-64.64408,21:40,23:57,Partly Cloudy/Clear Skies,40-60%,New Moon,0%,10,Romina and Omari,21.33,20.75,20.88,18.88,20.41,20.46,
2026,9,11,09/11/2026,STX,Coakley Bay,17.75928,-64.64365,21:40,23:57,Partly Cloudy/Clear Skies,40-60%,New Moon,0%,11,Romina and Omari,22.63,20.27,21,19.28,22.05,20.80,
2026,9,11,09/11/2026,STX,Coakley Bay,17.75915,-64.64319,21:40,23:57,Partly Cloudy/Clear Skies,40-60%,New Moon,0%,12,Romina and Omari,21.57,19.82,20.88,19.35,20.51,20.41,
2026,9,11,09/11/2026,STX,Coakley Bay,17.75908,-64.64273,21:40,23:57,Partly Cloudy/Clear Skies,40-60%,New Moon,0%,13,Romina and Omari,22.36,19.2,21.01,20.62,20.61,20.80,