"","LOCATION","STANDARD.NAME","REGION","points","lw_avg","lw_median","lw_min","lw_max","lw_range","lw_se"
"1","Hams Bay","Ham's Bay","West End",4,22.6125,22.63,22.3,22.89,0.59,0.150575285710062
"2","Issac Bay","Issac Bay","East End",14,22.1014285714286,22.03,21.71,23.26,1.55,0.111226218067312
"3","Monks Bath ","Butler Bay","West End",13,21.4953846153846,22.02,17.38,23.08,5.7,0.511500576966132
"4","Brown Bay","Brown Bay","East End",6,21.3866666666667,21.215,20.32,23.14,2.82,0.380645650324697
"5","Spratt Hall","Spratt Hall","West End",16,21.294,21.83,15.67,22.64,6.97,0.440947896716888
"6","Chaney Bay","Green Cay","East End",21,21.15,21.12,19.68,22.27,2.59,0.145201010097497
"7","Sunset Beach Condos ","Prosperity ","West End",3,20.8866666666667,21.07,19.64,21.95,2.31,0.673110524191813
"8","Whistle Beach","New Fort","North Shore",3,20.8633333333333,20.85,19.99,21.75,1.76,0.5081119736611
"9","La Grange Beach","La Grange","West End",3,20.82,20.82,NA,NA,NA,1.44
"10","Coakley Bay","Coakley","North Shore",13,20.5607692307692,20.1,17.86,22.63,4.77,0.394657367687241
